keyword	volume	cpc	kd	traffic_potential	intent	parent
apa format generator	40000	1.2	68	1300000	Informational,Branded,Non-local	apa citation generator
ama citation generator	21000	2.5	6	44000	Informational,Non-branded,Non-local	ama citation generator
turabian citation generator	6100	1.5	2	11000	Informational,Non-branded,Non-local	turabian citation generator
in text citation generator	4800	1.2	83	667000	Informational,Non-branded,Non-local	citation generator
bluebook citation generator	3900	2.0	7	5100	Informational,Branded,Non-local	bluebook citation generator
footnote generator	2600	1.2	56	83000	Informational,Non-branded,Non-local	chicago citation generator
apa 7 generator	2500	1.4	55	1310000	Informational,Branded,Non-local	apa citation generator
mla 9 citation generator	1700	1.2	44	812000	Informational,Branded,Non-local	mla citation generator
mla in text citation generator	1500	1.2	64	177000	Informational,Non-branded,Non-local	mla citation generator
works cited page generator	1500	1.1	84	844000	Transactional,Non-branded,Non-local	mla citation generator
ai citation generator	1400	1.1	77	15000	Informational,Branded,Non-local	citations
apsa citation generator	1300	1.0	0	2000	Informational,Branded,Non-local	apsa citation generator
ama format generator	1100	2.5	6	45000	Informational,Branded,Non-local	ama citation generator
chicago footnote generator	1100	1.6	5	91000	Informational,Non-branded,Local	chicago citation generator
in-text citation generator	1100	1.2	0	93000	Informational,Non-branded,Non-local	references
harvard citation generator	1000	2.0	17	6100	Informational,Non-branded,Non-local	harvard referencing
apa 7 format generator	1000	1.7	56	1300000	Informational,Non-branded,Non-local	apa citation generator
work cited page generator	1000	1.1	78	855000	Informational,Non-branded,Non-local	mla citation generator
nlm citation generator	900	2.0	0	1500	Informational,Branded,Non-local	nlm citation generator
purdue owl citation generator	900	1.0	13	17000	Informational,Navigational,Branded,Non-local	purdue owl citation
mybib citation generator	800	2.5	76	670000	Informational,Branded,Non-local	citation generator
citation generator ama	700	2.5	16	44000	Informational,Branded,Non-local	ama citation generator
vancouver citation generator	700	1.8	3	2400	Informational,Non-branded,Non-local	vancouver style citation
free citation generator mla	700	1.2	68	812000	Informational,Non-branded,Non-local	mla citation generator
best citation generator	700	1.1	75	43000	Informational,Non-branded,Non-local	zoterobib
ieee reference generator	700	1.1	4	16000	Informational,Non-branded,Non-local	ieee citation
ama reference generator	600	2.5	5	32000	Informational,Branded,Non-local	ama citation generator
in-text citation apa generator	600	1.1	65	1310000	Informational,Non-branded,Non-local	apa citation generator
asme citation generator	500	1.5	0	200	Informational,Branded,Non-local	asme citation generator
mla 9 format generator	500	1.4	45	804000	Informational,Branded,Non-local	mla citation generator
reference generator apa 7	500	1.3	66	1300000	Informational,Branded,Non-local	apa citation generator
harvard reference generator	450	2.0	6	6300	Informational,Non-branded,Non-local	harvard referencing
apa title page generator	450	1.7	10	500	Non-branded,Non-local	apa cover page generator
zotero citation generator	450	1.5	50	35000	Informational,Branded,Non-local	zoterobib
aiaa citation generator	400	2.5	0	250	Informational,Branded,Non-local	aiaa reference format
harvard referencing generator	400	2.0	8	6400	Informational,Non-branded,Non-local	harvard referencing
turabian footnote generator	400	2.0	3	10000	Informational,Non-branded,Non-local	turabian citation generator
doi citation generator	350	2.5	59	3200	Informational,Non-branded,Non-local	doi citation
ama cite generator	350	2.5	8	32000	Informational,Branded,Non-local	ama citation generator
purdue owl apa citation generator	350	1.9	46	57000	Informational,Navigational,Branded,Non-local	apa 7th edition
asm citation generator	350	1.8	0	500	Informational,Branded,Non-local	asm citation generator
legal citation generator	350	1.7	23	5100	Informational,Non-branded,Non-local	bluebook citation generator
apa in-text citation generator	350	1.7	61	1300000	Informational,Branded,Non-local	apa citation generator
ieee generator	300	4.0	4	16000	Informational,Branded,Non-local	ieee citation
asce citation generator	300	3.5	0	400	Informational,Branded,Non-local	asce citation machine
doi generator	300	3.5	68	3500	Informational,Non-branded,Non-local	doi citation
acm citation generator	300	3.5	0	200	Informational,Branded,Non-local	acm citation
acs style citation generator	300	2.0	2	20000	Informational,Branded,Non-local	acs citation generator
chicago footnote citation generator	300	1.6	7	78000	Informational,Non-branded,Local	chicago citation generator
mla in-text citation generator	300	1.1	63	178000	Informational,Non-branded,Non-local	mla citation generator
bibliography generator mla	300	1.1	75	818000	Informational,Non-branded,Non-local	mla citation generator
ama format citation generator	250	2.5	8	32000	Informational,Branded,Non-local	ama citation generator
harvard style citation generator	250	2.0	15	6200	Informational,Non-branded,Non-local	harvard referencing
vancouver style citation generator	250	1.8	3	2400	Informational,Non-branded,Non-local	vancouver style citation
purdue citation generator	250	1.5	54	18000	Informational,Branded,Non-local	citations
apa paper format generator	250	1.3	56	1100	Informational,Non-branded,Non-local	apa fromat
works cited page mla generator	250	1.2	64	800000	Informational,Branded,Non-local	mla citation generator
song citation generator	250	1.2	17	300	Informational,Non-branded,Non-local	mla song citation generator
citation generator apa 7th edition	250	1.2	65	1300000	Informational,Non-branded,Non-local	apa citation generator
apa 7th edition format generator	250	1.1	69	1300000	Informational,Non-branded,Non-local	apa citation generator
generator installation chicago	200	7.0	0	60	Informational,Commercial,Non-branded,Local	generator installation chicago
generator repair chicago	200	4.5	0	30	Informational,Commercial,Non-branded,Local	generator repair chicago
gsa citation generator	200	3.5	0	200	Informational,Branded,Non-local	gsa citation generator
doi link generator	200	3.5	56	3400	Informational,Non-branded,Non-local	doi citation
apa table generator	200	3.0	2	90	Informational,Non-branded,Non-local	apa table generator
pubmed citation generator	200	2.5	4	200	Informational,Branded,Non-local	pubmed citation generator
free ama citation generator	200	2.5	9	32000	Informational,Non-branded,Non-local	ama citation generator
cmos citation generator	200	2.5	60	87000	Informational,Branded,Non-local	chicago citation generator
turabian style citation generator	200	2.0	2	9900	Informational,Non-branded,Non-local	turabian citation generator
saa citation generator	200	2.0	0	100	Informational,Non-branded,Non-local	saa citation generator
picture citation generator	200	1.9	29	12000	Informational,Non-branded,Non-local	how to cite an image
poem citation generator	200	1.8	6	800	Informational,Non-branded,Non-local	how to cite a poem
turabian bibliography generator	200	1.8	4	11000	Informational,Non-branded,Non-local	turabian citation generator
google citation generator	200	1.6	81	3000	Informational,Branded,Non-local	citations
turabian format generator	200	1.5	2	9700	Informational,Non-branded,Non-local	turabian citation generator
mla footnote generator	200	1.4	75	179000	Informational,Non-branded,Non-local	mla citation generator
apa format source generator	200	1.1	48	1310000	Informational,Non-branded,Non-local	apa citation generator
movie citation generator	200	1.1	10	2100	Informational,Non-branded,Non-local	how to cite a movie
apa style format generator	200	1.0	58	1310000	Informational,Non-branded,Non-local	apa citation generator
mla format generator for essay	200	1.0	62	700	Informational,Non-branded,Non-local	mla format generator
oral citation generator	150	11.0	45	70	Informational,Non-branded,Non-local	oral citation generator
jas citation generator	150	7.0	0	200	Informational,Branded,Non-local	journal of animal science citation
nature citation generator	150	5.0	40	250	Informational,Branded,Non-local	nature citation style
american political science association citation generator	150	3.0	0	2900	Informational,Branded,Non-local	apsa citation generator
mla title page generator	150	3.0	3	250	Branded,Non-local	mla title page generator
apa 7th gen citation generator	150	3.0	73	1300000	Informational,Branded,Non-local	apa citation generator
ieee format citation generator	150	2.5	4	9600	Informational,Branded,Non-local	ieee citation generator
apa 7th reference generator	150	2.5	63	1290000	Informational,Branded,Non-local	apa citation generator
sbl citation generator	150	2.5	40	60	Informational,Branded,Non-local	sbl citation generator
jama citation generator	150	2.5	1	150	Informational,Branded,Non-local	jama citation generator
ama style citation generator	150	2.5	5	32000	Informational,Non-branded,Non-local	ama citation generator
iee citation generator	150	2.5	4	9500	Informational,Branded,Non-local	ieee citation generator
ieee format generator	150	2.5	4	16000	Informational,Branded,Non-local	ieee citation
free apa 7th edition citation generator	150	2.0	64	1310000	Informational,Non-branded,Non-local	apa citation generator
intext citation generator	150	2.0	78	687000	Informational,Non-branded,Non-local	citation generator
online apa citation generator	150	2.0	68	1300000	Informational,Non-branded,Non-local	apa citation generator
podcast citation generator	150	1.9	1	700	Informational,Non-branded,Non-local	how to cite a podcast
vancouver reference generator	150	1.8	5	2400	Informational,Non-branded,Local	vancouver style citation
apa citation generator online	150	1.8	63	1320000	Informational,Non-branded,Non-local	apa citation generator
owl citation generator	150	1.8	62	18000	Informational,Branded,Non-local	purdue owl citation
ama 11th edition citation generator	150	1.8	2	32000	Informational,Non-branded,Non-local	ama citation generator
apa cover page generator	150	1.7	11	500	Non-branded,Non-local	apa cover page generator
apa format references generator	150	1.7	63	1320000	Informational,Branded,Non-local	apa citation generator
chicago footnotes generator	150	1.6	17	90000	Informational,Non-branded,Local	chicago citation generator
apa7 reference generator	150	1.5	74	1310000	Informational,Branded,Non-local	apa citation generator
image mla citation generator	150	1.5	33	2000	Informational,Non-branded,Non-local	image citation generator
citation generator turabian	150	1.5	2	9900	Informational,Non-branded,Non-local	turabian citation generator
mla source citation generator	150	1.4	64	849000	Informational,Non-branded,Non-local	mla citation generator
annotated bibliography citation generator	150	1.3	73	684000	Informational,Non-branded,Non-local	citation generator
apa format paper generator	150	1.3	55	900	Informational,Non-branded,Non-local	apa formatter
generator citation	150	1.2	78	117000	Informational,Non-branded,Non-local	citation generator
apa essay format generator	150	1.1	53	1100	Informational,Non-branded,Non-local	apa fromat
pdf apa citation generator	150	1.1	50	8000	Informational,Non-branded,Non-local	apa 7 citation generator
mla photo citation generator	150	1.1	31	2200	Informational,Non-branded,Non-local	how to cite an image in mla
chicago style format generator	150	1.0	19	83000	Informational,Non-branded,Non-local	chicago citation generator
aip citation generator	100	7.0	0	60	Informational,Branded,Non-local	aip citation generator
grammarly citation generator apa	100	5.0	0	11000	Informational,Branded,Non-local	grammarly citation
drawing reference generator	100	4.5	62	59000	Informational,Non-branded,Non-local	poses for drawing
apa 7 title page generator	100	4.0	22	10	Informational,Branded,Non-local	how to do an apa title page
apa 7 referencing generator	100	4.0	66	1310000	Informational,Branded,Non-local	apa citation generator
ams citation generator	100	3.5	0	60	Informational,Branded,Non-local	ams citation generator
apa citation generator scribbr	100	3.0	8	41000	Informational,Navigational,Branded,Non-local	apa citation generator
abstract generator apa	100	3.0	2	100	Informational,Non-branded,Non-local	ai abstract generator
asa reference generator	100	2.5	1	8400	Informational,Branded,Non-local	asa citation generator
citation generator asa	100	2.5	4	9700	Informational,Branded,Non-local	asa citation generator
free turabian citation generator	100	2.5	2	9900	Informational,Non-branded,Non-local	turabian citation generator
ieee style citation generator	100	2.5	4	16000	Informational,Branded,Non-local	ieee citation
american chemical society citation generator	100	2.5	2	22000	Informational,Branded,Non-local	acs citation generator
ama citation generator free	100	2.5	4	32000	Informational,Non-branded,Non-local	ama citation generator
apa 7 in text citation generator	100	2.5	65	1310000	Informational,Branded,Non-local	apa citation generator
chicago mla citation generator	100	2.0	41	78000	Informational,Non-branded,Local	chicago citation generator
cite apa 7 generator	100	2.0	64	1310000	Informational,Branded,Non-local	apa citation generator
apa 7 format citation generator	100	2.0	78	1310000	Informational,Branded,Non-local	apa citation generator
mla citation alphabetical order generator	100	2.0	4	2900	Informational,Non-branded,Non-local	alphabetical order sorter
alwd citation generator	100	1.9	7	5000	Informational,Commercial,Non-branded,Non-local	bluebook citation generator
generator rental chicago	100	1.7	0	17000	Informational,Commercial,Transactional,Non-branded,Local	generator rental
pdf mla citation generator	100	1.7	62	300	Informational,Branded,Non-local	pdf citation generator mla
chicago works cited generator	100	1.7	10	90000	Informational,Non-branded,Local	chicago citation generator
endnote generator	100	1.7	70	600	Informational,Non-branded,Non-local	how to do endnotes in google docs
free in text citation generator	100	1.6	79	682000	Informational,Non-branded,Non-local	citation generator
free mla format generator	100	1.6	62	814000	Informational,Non-branded,Non-local	mla citation generator
reference list generator	100	1.5	85	93000	Informational,Non-branded,Non-local	references
apa format reference page generator	100	1.4	64	1310000	Informational,Non-branded,Non-local	apa citation generator
mla 9 works cited generator	100	1.4	54	802000	Informational,Non-branded,Non-local	mla citation generator
apa format bibliography generator	100	1.3	79	1310000	Informational,Branded,Non-local	apa citation generator
podcast apa citation generator	100	1.2	15	350	Informational,Non-branded,Non-local	podcast citation generator
references generator apa	100	1.2	66	1310000	Informational,Non-branded,Non-local	apa citation generator
in-text citation mla generator	100	1.2	69	855000	Informational,Non-branded,Non-local	mla citation generator
apa pdf citation generator	100	1.1	68	6900	Informational,Branded,Non-local	apa 7 citation generator
pdf citation generator apa	100	1.1	60	7900	Informational,Non-branded,Non-local	apa 7 citation generator
apa generator citation free	100	1.1	59	1310000	Informational,Non-branded,Non-local	apa citation generator
apa citation generator pdf	100	1.1	63	7900	Informational,Non-branded,Non-local	apa 7 citation generator
art reference generator	100	1.1	59	51000	Informational,Non-branded,Non-local	pose reference
work cited apa generator	100	1.1	65	1310000	Informational,Branded,Non-local	apa citation generator
mla essay format generator	100	1.0	43	600	Informational,Non-branded,Non-local	mla format essay generator
bibliography chicago style generator	100	1.0	10	34000	Informational,Non-branded,Non-local	chicago style citation generator
ai cite generator	100	1.0	60	14000	Informational,Non-branded,Non-local	free citation generator
cbe citation generator	90	3.5	2	8400	Informational,Non-branded,Non-local	cse citation generator
cse format citation generator	90	3.5	2	8400	Informational,Branded,Non-local	cse citation generator
oscola citation generator	90	3.0	8	70	Informational,Non-branded,Non-local	oscola citation generator
apa 7th edition cite generator	90	2.5	54	1310000	Informational,Branded,Non-local	apa citation generator
word citation generator	90	2.0	78	502000	Informational,Non-branded,Non-local	citation machine
case citation generator	90	2.0	8	150	Informational,Non-branded,Non-local	case citation generator
apa citation generator for pdf	90	1.9	63	8000	Informational,Non-branded,Non-local	apa 7 citation generator
reference cite generator	90	1.6	82	707000	Informational,Non-branded,Non-local	citation generator
quote citation generator	90	1.5	81	91000	Informational,Non-branded,Non-local	references
endnote citation generator	90	1.5	48	11000	Informational,Branded,Non-local	endnote
mla citation generator pdf	90	1.4	44	802000	Informational,Non-branded,Non-local	mla citation generator
mla formate generator	90	1.4	54	804000	Informational,Non-branded,Non-local	mla citation generator
isbn citation generator	90	1.4	50	11000	Informational,Non-branded,Non-local	cite a book
mla quote citation generator	90	1.3	64	818000	Informational,Non-branded,Non-local	mla citation generator
annotated bib generator	90	1.2	72	712000	Informational,Non-branded,Non-local	citation generator
owl purdue citation generator	90	1.2	55	18000	Informational,Navigational,Branded,Non-local	purdue owl citation
apap citation generator	90	1.2	58	1300000	Informational,Non-branded,Non-local	apa citation generator
cover page generator	90	1.2	2	5100	Informational,Non-branded,Non-local	cover page
image citation generator apa	90	1.0	3	10000	Informational,Branded,Non-local	how to cite a picture
free ieee citation generator	80	6.0	4	16000	Informational,Non-branded,Non-local	ieee citation
citation generator acs	80	4.0	3	22000	Informational,Branded,Non-local	acs citation generator
scribber citation generator	80	3.5	6	91000	Informational,Branded,Non-local	references
journal of animal science citation generator	80	3.0	0	200	Informational,Branded,Non-local	journal of animal science citation
apa 7 generator citation	80	3.0	59	1310000	Informational,Branded,Non-local	apa citation generator
turabian cite generator	80	3.0	2	9900	Informational,Non-branded,Non-local	turabian citation generator
in text citations generator	80	2.5	77	690000	Informational,Non-branded,Non-local	citation generator
google scholar citation generator	80	2.5	0	0	Informational,Branded,Non-local	
apa quote citation generator	80	2.0	71	1310000	Informational,Non-branded,Non-local	apa citation generator
best bibliography generator	80	2.0	74	34000	Informational,Non-branded,Non-local	zoterobib
law citation generator	80	2.0	26	5000	Informational,Non-branded,Non-local	bluebook citation generator
apa citation 7th generator	80	2.0	65	1340000	Informational,Non-branded,Non-local	apa citation generator
chicago author-date citation generator	80	2.0	4	31000	Informational,Non-branded,Local	chicago style citation generator
chicago in-text citation generator	80	2.0	19	83000	Informational,Non-branded,Local	chicago citation generator
movie mla citation generator	80	1.9	26	2100	Informational,Non-branded,Non-local	how to cite a movie
mla format citation generator free	80	1.9	49	820000	Informational,Non-branded,Non-local	mla citation generator
7th apa citation generator	80	1.8	69	1310000	Informational,Non-branded,Non-local	apa citation generator
ama citations generator	80	1.7	5	31000	Informational,Branded,Non-local	ama citation generator
ama bibliography generator	80	1.7	5	32000	Informational,Branded,Non-local	ama citation generator
bibliography generator free	80	1.7	79	681000	Informational,Non-branded,Non-local	citation generator
works cited page generator mla	80	1.6	61	814000	Informational,Non-branded,Non-local	mla citation generator
citations generator apa	80	1.4	62	1290000	Informational,Non-branded,Non-local	apa citation generator
chicago style footnote citation generator	80	1.3	7	91000	Informational,Non-branded,Non-local	chicago citation generator
citation generator apa format	80	1.3	58	1300000	Informational,Non-branded,Non-local	apa citation generator
apa paper generator	80	1.2	45	800	Informational,Non-branded,Non-local	apa paper format generator
ai bibliography generator	80	1.1	77	684000	Informational,Non-branded,Non-local	citation generator
apa footnote generator	80	1.1	61	284000	Informational,Non-branded,Non-local	apa citation
apa cited generator	80	1.0	58	1290000	Informational,Branded,Non-local	apa citation generator
reference page apa format generator	80	1.0	52	1290000	Informational,Non-branded,Non-local	apa citation generator
apa format title page generator	80	1.0	11	600	Informational,Non-branded,Non-local	apa cover page generator
citation generator grammarly	70	5.0	5	11000	Informational,Navigational,Branded,Non-local	grammarly citation
university of phoenix citation generator	70	4.5	0	100	Informational,Branded,Non-local	university of phoenix citation generator
free acs citation generator	70	4.5	2	22000	Informational,Non-branded,Non-local	acs citation generator
apa 7th edition referencing generator	70	4.0	64	1310000	Informational,Non-branded,Non-local	apa citation generator
cse style citation generator	70	3.5	2	8400	Informational,Branded,Non-local	cse citation generator
mla 7th edition citation generator	70	3.0	55	250	Informational,Branded,Non-local	mla 7 citation generator
acs cite generator	70	3.0	2	22000	Informational,Branded,Non-local	acs citation generator
ama citation format generator	70	3.0	8	32000	Informational,Branded,Non-local	ama citation generator
powerpoint citation generator	70	2.5	52	100	Informational,Branded,Non-local	powerpoint citation generator
ieee citation format generator	70	2.5	4	9700	Informational,Branded,Non-local	ieee citation generator
court case citation generator	70	2.0	3	150	Informational,Non-branded,Non-local	case citation generator
mla poem citation generator	70	2.0	14	800	Informational,Branded,Non-local	how to cite a poem
bible citation generator	70	1.7	71	600	Informational,Non-branded,Non-local	how to cite the bible
image cite generator	70	1.7	56	12000	Informational,Non-branded,Non-local	how to cite an image
turabian 9th edition citation generator	70	1.5	2	10000	Informational,Non-branded,Non-local	turabian citation generator
mla format in text citation generator	70	1.5	60	818000	Informational,Branded,Non-local	mla citation generator
free apa citation generator owl	70	1.5	66	18000	Informational,Non-branded,Non-local	purdue owl citation
best citation generator for apa	70	1.5	66	1310000	Informational,Non-branded,Non-local	apa citation generator
apa citation generator in text	70	1.5	63	1290000	Informational,Non-branded,Non-local	apa citation generator
apa generator cite	70	1.4	57	1300000	Informational,Branded,Non-local	apa citation generator
footnotes chicago style generator	70	1.3	17	91000	Informational,Non-branded,Non-local	chicago citation generator
citation generator for images	70	1.2	47	14000	Informational,Non-branded,Non-local	how to cite an image
apa format generator for essay	70	1.2	44	1100	Informational,Non-branded,Non-local	apa fromat
annotated bibliography generator apa	70	1.1	78	1000	Informational,Non-branded,Non-local	annotated bibliography generator
free citation generator apa 7	70	1.1	72	1300000	Informational,Branded,Non-local	apa citation generator
mla citation generator for pdf	70	1.0	58	300	Informational,Non-branded,Non-local	pdf mla citation generator
msse citation generator	60	4.0	0	50	Informational,Branded,Non-local	msse citation generator
apa7 cite generator	60	3.5	70	1290000	Informational,Branded,Non-local	apa citation generator
mla heading generator	60	3.0	63	695000	Informational,Non-branded,Non-local	mla citation generator
harvard style referencing generator	60	3.0	7	6100	Informational,Non-branded,Non-local	harvard referencing
oscola reference generator	60	3.0	2	30	Informational,Non-branded,Non-local	oscola citation generator
harvard style reference generator	60	3.0	17	6200	Informational,Non-branded,Non-local	harvard referencing
citation generator owl	60	3.0	43	18000	Informational,Non-branded,Non-local	purdue owl citation
turabian format citation generator	60	3.0	3	10000	Informational,Non-branded,Non-local	turabian citation generator
citation generator vancouver	60	3.0	35	2400	Informational,Non-branded,Non-local	vancouver style citation
apa citation generator free online	60	2.5	79	1310000	Informational,Non-branded,Non-local	apa citation generator
free asa citation generator	60	2.5	4	8400	Informational,Non-branded,Non-local	asa citation generator
citation generator apa7	60	2.5	61	1310000	Informational,Branded,Non-local	apa citation generator
chicago 17th citation generator	60	2.0	7	22000	Informational,Non-branded,Local	chicago style citation
cite apa format generator	60	2.0	58	1310000	Informational,Non-branded,Non-local	apa citation generator
ama referencing generator	60	2.0	0	0	Informational,Non-branded,Non-local	
chicago 17 citation generator	60	2.0	7	34000	Informational,Branded,Non-local	chicago style citation generator
mla 9 cite generator	60	2.0	57	814000	Informational,Branded,Non-local	mla citation generator
alphabetical order citation generator	60	2.0	9	2600	Informational,Non-branded,Non-local	alphabetical order sorter
apa citation reference generator	60	2.0	73	1300000	Informational,Non-branded,Non-local	apa citation generator
citation generator for pdf	60	1.9	76	108000	Informational,Non-branded,Non-local	citation generator
citation generator pdf	60	1.9	82	110000	Informational,Non-branded,Non-local	citation generator
mla song citation generator	60	1.9	7	300	Informational,Branded,Non-local	song citation generator
citation apa 7 generator	60	1.8	60	1310000	Informational,Non-branded,Non-local	apa citation generator
blue book citation generator	60	1.7	3	5100	Informational,Non-branded,Non-local	bluebook citation generator
bluebook cite generator	60	1.7	2	5100	Informational,Non-branded,Non-local	bluebook citation generator
apa 7th format generator	60	1.7	63	1310000	Informational,Non-branded,Non-local	apa citation generator
apa photo citation generator	60	1.6	22	10000	Informational,Non-branded,Non-local	how to cite a picture
patent citation generator	60	1.6	0	20	Informational,Non-branded,Non-local	patent citation generator
mla format works cited page generator	60	1.6	56	849000	Informational,Branded,Non-local	mla citation generator
mla pdf citation generator	60	1.5	63	802000	Informational,Non-branded,Non-local	mla citation generator
bib generator apa	60	1.4	79	1310000	Informational,Non-branded,Non-local	apa citation generator
ai cover page generator	60	1.4	30	20	Informational,Commercial,Transactional,Non-branded,Non-local	ai cover page generator
image apa citation generator	60	1.4	36	8100	Informational,Non-branded,Non-local	apa image citation
chicago style annotated bibliography generator	60	1.2	14	4300	Informational,Non-branded,Non-local	bibliography generator
chicago style source generator	60	1.1	9	91000	Informational,Non-branded,Non-local	chicago citation generator
apa source format generator	60	1.1	63	1310000	Informational,Non-branded,Non-local	apa citation generator
mla format works cited generator free	50	4.5	55	849000	Informational,Non-branded,Non-local	mla citation generator
apa 7 citations generator	50	3.5	65	1310000	Informational,Branded,Non-local	apa citation generator
best free apa citation generator	50	3.5	65	38000	Informational,Non-branded,Non-local	apa 7 citation generator
acm reference generator	50	3.5	0	400	Informational,Branded,Non-local	acm citation generator
what is the best citation generator	50	3.0	77	39000	Informational,Non-branded,Non-local	zoterobib
apa citation generator from doi	50	3.0	71	3200	Non-branded,Non-local	doi citation
american sociological association citation generator	50	3.0	0	9700	Informational,Transactional,Branded,Non-local	asa citation generator
cite generator ama	50	3.0	6	31000	Informational,Branded,Non-local	ama citation generator
apa title generator	50	3.0	56	42000	Informational,Branded,Non-local	capitalize my title
vancouver citation style generator	50	3.0	3	2400	Informational,Non-branded,Non-local	vancouver style citation
icmje citation generator	50	3.0	0	10	Informational,Non-branded,Non-local	icmje citation generator
owl reference generator	50	3.0	54	18000	Informational,Branded,Non-local	purdue owl citation
acs style generator	50	2.5	2	22000	Informational,Branded,Non-local	acs citation generator
ama in text citation generator	50	2.5	6	14000	Informational,Branded,Non-local	ama citation
sws citation generator	50	2.5	47	20	Informational,Branded,Non-local	sws citation generator
podcast mla citation generator	50	2.5	12	700	Informational,Non-branded,Non-local	how to cite a podcast
apa 7 table generator	50	2.5	2	50	Informational,Branded,Non-local	apa 7 table generator
apa 7 source generator	50	2.5	58	1310000	Informational,Non-branded,Non-local	apa citation generator
apa podcast citation generator	50	2.0	15	700	Informational,Non-branded,Non-local	how to cite a podcast
apa cite format generator	50	2.0	63	1290000	Informational,Non-branded,Non-local	apa citation generator
in text citation generator apa 7	50	2.0	69	1300000	Informational,Branded,Non-local	apa citation generator
quick citation generator	50	2.0	85	667000	Informational,Non-branded,Non-local	citation generator
apa 7 free citation generator	50	2.0	72	1300000	Informational,Branded,Non-local	apa citation generator
reference generator apa 7th edition	50	2.0	74	1310000	Informational,Branded,Non-local	apa citation generator
chicago in text citation generator	50	2.0	19	90000	Informational,Non-branded,Local	chicago citation generator
chicago 17th edition citation generator	50	2.0	6	100	Informational,Non-branded,Local	chicago 17th edition citation generator
apa 7th edition citation generator free	50	2.0	67	1320000	Informational,Non-branded,Non-local	apa citation generator
apa style generator citation	50	2.0	58	1290000	Informational,Non-branded,Non-local	apa citation generator
poem mla citation generator	50	2.0	23	900	Informational,Branded,Non-local	how to cite a poem
apa reference alphabetical order generator	50	1.8	10	2100	Informational,Non-branded,Non-local	alphabetical order sorter
online cite generator	50	1.8	79	688000	Informational,Non-branded,Non-local	citation generator
apa 9 citation generator	50	1.8	68	1310000	Informational,Non-branded,Non-local	apa citation generator
chicago style endnotes generator	50	1.7	17	89000	Informational,Non-branded,Non-local	chicago citation generator
paper citation generator	50	1.6	81	696000	Informational,Non-branded,Non-local	citation generator
apa footnote citation generator	50	1.5	63	1300000	Informational,Non-branded,Non-local	apa citation generator
turabian footnote citation generator	50	1.5	4	9700	Informational,Non-branded,Non-local	turabian citation generator
citation generator cse	50	1.4	1	8400	Informational,Branded,Non-local	cse citation generator
apa song citation generator	50	1.4	47	1300000	Informational,Non-branded,Non-local	apa citation generator
bluebook legal citation generator	50	1.4	7	5100	Informational,Commercial,Branded,Non-local	bluebook citation generator
annotated bibliography mla format generator	50	1.4	35	500	Informational,Branded,Non-local	mla annotation
reference page apa generator	50	1.3	52	1330000	Informational,Non-branded,Non-local	apa citation generator
apa 7th referencing generator	50	1.3	63	1290000	Informational,Non-branded,Non-local	apa citation generator
article apa citation generator	50	1.2	61	1290000	Informational,Non-branded,Non-local	apa citation generator
cite reference generator	50	1.2	83	712000	Informational,Non-branded,Non-local	citation generator
apa format essay generator	50	1.2	53	800	Informational,Non-branded,Non-local	apa paper format generator
chicago turabian style citation generator	50	1.2	6	9700	Informational,Non-branded,Local	turabian citation generator
cite generator chicago	50	1.1	41	83000	Informational,Non-branded,Local	chicago citation generator
cite a website mla generator	50	1.1	61	17000	Informational,Transactional,Branded,Non-local	mla source citation
mla article citation generator	50	1.0	62	821000	Informational,Non-branded,Non-local	mla citation generator
mla picture citation generator	50	1.0	36	2700	Informational,Branded,Non-local	image citation generator
research paper citation generator	50	1.0	83	96000	Informational,Non-branded,Non-local	references
article mla citation generator	50	1.0	63	855000	Informational,Non-branded,Non-local	mla citation generator
council of science editors citation generator	40	3.5	0	3300	Informational,Branded,Non-local	cse citation
apa style table generator	40	3.0	0	0	Informational,Non-branded,Non-local	
bibliography generator turabian	40	3.0	3	10000	Informational,Non-branded,Non-local	turabian citation generator
footnote generator turabian	40	3.0	5	11000	Informational,Non-branded,Non-local	turabian citation generator
mla header generator	40	3.0	46	30	Informational,Non-branded,Non-local	mla header generator
turabian reference generator	40	3.0	2	9900	Informational,Non-branded,Non-local	turabian citation generator
asa bibliography generator	40	3.0	4	8400	Informational,Branded,Non-local	asa citation generator
mla title generator	40	3.0	57	44000	Informational,Branded,Non-local	capitalize my title
turabian style generator	40	3.0	2	9700	Informational,Non-branded,Non-local	turabian citation generator
harvard referencing system generator	40	3.0	0	0	Informational,Non-branded,Non-local	
harvard citing generator	40	3.0	0	0	Informational,Non-branded,Non-local	
american medical association citation generator	40	3.0	8	32000	Informational,Branded,Non-local	ama citation generator
asme reference generator	40	3.0	0	200	Informational,Branded,Non-local	asme citation generator
ieee reference format generator	40	2.5	4	16000	Informational,Branded,Non-local	ieee citation
turabian citation generator free	40	2.5	4	10000	Informational,Non-branded,Non-local	turabian citation generator
ecology format citation generator	40	2.5	0	100	Informational,Non-branded,Non-local	ecology citation generator
ama website citation generator	40	2.5	3	32000	Informational,Non-branded,Non-local	ama citation generator
asa citation generator free	40	2.5	3	8500	Informational,Non-branded,Non-local	asa citation generator
free apa citation generator 7th edition	40	2.0	0	1350000	Informational,Non-branded,Non-local	apa citation generator
apa citation 7 generator	40	2.0	46	1310000	Informational,Non-branded,Non-local	apa citation generator
film citation generator	40	2.0	10	2100	Informational,Non-branded,Non-local	how to cite a movie
automatic reference generator	40	2.0	84	690000	Informational,Non-branded,Non-local	citation generator
free bluebook citation generator	40	2.0	24	5100	Informational,Non-branded,Non-local	bluebook citation generator
pdf cite generator	40	1.9	76	108000	Informational,Non-branded,Non-local	citation generator
online apa citation generator free	40	1.9	72	1300000	Informational,Non-branded,Non-local	apa citation generator
in text cite generator	40	1.9	70	1340000	Informational,Transactional,Non-branded,Non-local	apa citation generator
free mla format citation generator	40	1.9	56	688000	Informational,Non-branded,Non-local	mla citation generator
footnote generator mla	40	1.8	66	804000	Informational,Branded,Non-local	mla citation generator
apa 7th style citation generator	40	1.7	56	1310000	Informational,Non-branded,Non-local	apa citation generator
case law citation generator	40	1.7	8	150	Informational,Non-branded,Non-local	case citation generator
chicago citation footnote generator	40	1.7	17	80000	Informational,Non-branded,Non-local	chicago citation generator
legal case citation generator	40	1.7	8	150	Informational,Non-branded,Non-local	case citation generator
mla formating generator	40	1.7	64	813000	Informational,Non-branded,Non-local	mla citation generator
generator rentals chicago	40	1.7	0	0	Informational,Commercial,Transactional,Non-branded,Local	
citation generator nlm	40	1.7	0	1500	Informational,Branded,Non-local	nlm citation generator
apa 7 style citation generator	40	1.7	72	1310000	Informational,Non-branded,Non-local	apa citation generator
apa citation generator for powerpoint	40	1.7	39	150	Informational,Branded,Non-local	powerpoint citation generator
apa format in text citation generator	40	1.7	58	1300000	Informational,Non-branded,Non-local	apa citation generator
works cited page mla format generator	40	1.6	0	0	Informational,Non-branded,Non-local	
citation generator machine	40	1.6	78	502000	Informational,Non-branded,Non-local	citation machine
mla citation page generator	40	1.6	56	816000	Informational,Non-branded,Non-local	mla citation generator
free works cited generator mla	40	1.6	59	855000	Informational,Non-branded,Non-local	mla citation generator
apa 7th edition in text citation generator	40	1.6	74	1290000	Informational,Non-branded,Non-local	apa citation generator
free mla cite generator	40	1.6	76	822000	Informational,Non-branded,Non-local	mla citation generator
free citation generator chicago	40	1.6	10	22000	Informational,Non-branded,Local	chicago style citation
generator service chicago	40	1.6	0	0		
mla citation free generator	40	1.6	54	812000	Informational,Non-branded,Non-local	mla citation generator
apa citation page generator	40	1.5	68	1340000	Informational,Non-branded,Non-local	apa citation generator
in text citation apa 7 generator	40	1.5	64	1310000	Informational,Non-branded,Non-local	apa citation generator
word cite generator	40	1.5	79	533000	Informational,Non-branded,Non-local	citation machine
apa 7 reference page generator	40	1.5	64	1300000	Informational,Branded,Non-local	apa citation generator
chat gpt citation generator	40	1.4	65	20	Informational,Branded,Non-local	chatgpt citation generator
chicago/turabian citation generator	40	1.4	4	10000	Informational,Non-branded,Local	turabian citation generator
apa style reference page generator	40	1.4	63	1290000	Informational,Non-branded,Non-local	apa citation generator
mla footnotes generator	40	1.4	59	855000	Informational,Branded,Non-local	mla citation generator
bluebook generator	40	1.4	6	5100	Informational,Non-branded,Non-local	bluebook citation generator
chicago style format citation generator	40	1.3	17	93000	Informational,Non-branded,Non-local	chicago citation generator
video citation apa generator	40	1.2	64	1320000	Informational,Branded,Non-local	apa citation generator
mla format website citation generator	40	1.1	70	813000	Informational,Branded,Non-local	mla citation generator
cite generator mla format	40	1.1	78	822000	Informational,Non-branded,Non-local	mla citation generator
website for mla citation generator	40	1.1	0	0		
mla website generator	40	1.1	61	818000	Informational,Non-branded,Non-local	mla citation generator
ad free citation generator	40	1.1	79	703000	Informational,Non-branded,Non-local	citation generator
apa style generator free	40	1.1	53	1300000	Informational,Non-branded,Non-local	apa citation generator
book cite generator	40	1.0	75	1200	Informational,Non-branded,Non-local	book citation generator
annotated bibliography generator free	40	1.0	77	680000	Informational,Non-branded,Non-local	citation generator
ai apa format generator	40	1.0	0	0		
citation generator for books	40	1.0	74	1200	Informational,Non-branded,Non-local	book citation generator
automatic citation generator apa	40	1.0	64	1290000	Informational,Branded,Non-local	apa citation generator
verbal citation generator	30	5.0	25	70	Informational,Non-branded,Non-local	oral citation generator
apsa format generator	30	4.0	0	2000	Informational,Branded,Non-local	apsa citation generator
mla format free generator	30	4.0	67	820000	Informational,Non-branded,Non-local	mla citation generator
chicago manual of style 17th edition generator	30	4.0	5	34000	Informational,Branded,Non-local	chicago style citation generator
ama style generator	30	3.5	5	32000	Informational,Non-branded,Non-local	ama citation generator
pdf to apa citation generator	30	3.5	0	0		
cse bibliography generator	30	3.5	0	0	Informational,Branded,Non-local	
cse citation format generator	30	3.5	4	8400	Informational,Branded,Non-local	cse citation generator
apa 7th edition format citation generator	30	3.5	69	1300000	Informational,Non-branded,Non-local	apa citation generator
vancouver reference style generator	30	3.0	5	2400	Informational,Non-branded,Non-local	vancouver style citation
apa citation generator with doi	30	3.0	75	3200	Informational,Non-branded,Non-local	doi citation
free citation generator ama	30	3.0	9	32000	Informational,Branded,Non-local	ama citation generator
asa citation format generator	30	3.0	0	9700	Informational,Branded,Non-local	asa citation generator
bibliography generator harvard	30	3.0	26	6200	Informational,Non-branded,Non-local	harvard referencing
work cited format generator	30	3.0	78	821000	Informational,Non-branded,Non-local	mla citation generator
apsa bibliography generator	30	3.0	0	1900	Informational,Branded,Non-local	apsa citation generator
acs generator citation	30	3.0	0	0	Informational,Non-branded,Non-local	
turabian style footnote generator	30	3.0	5	10000	Informational,Non-branded,Non-local	turabian citation generator
harvard system generator	30	3.0	0	0	Informational,Non-branded,Non-local	
turabian style bibliography generator	30	3.0	6	10000	Informational,Non-branded,Non-local	turabian citation generator
doi apa citation generator	30	3.0	66	3400	Informational,Non-branded,Non-local	doi citation
statute citation generator	30	3.0	6	5100	Informational,Non-branded,Non-local	bluebook citation generator
owl cite generator	30	2.5	39	18000	Informational,Non-branded,Non-local	purdue owl citation
apa 7 bibliography generator	30	2.5	72	1300000	Informational,Branded,Non-local	apa citation generator
apa machine generator	30	2.5	58	292000	Informational,Non-branded,Non-local	apa citation generator
movie apa citation generator	30	2.5	41	4600	Informational,Non-branded,Non-local	how to cite a video
uptodate citation generator	30	2.5	34	20	Informational,Branded,Non-local	uptodate citation generator
mla 9th generator	30	2.5	45	821000	Informational,Non-branded,Non-local	mla citation generator
chicago annotated bibliography generator	30	2.5	14	4300	Informational,Non-branded,Local	bibliography generator
citation list generator	30	2.5	84	690000	Informational,Non-branded,Non-local	citation generator
mla citation generator movie	30	2.5	14	2200	Informational,Non-branded,Non-local	how to cite a movie
aiaa reference generator	30	2.5	0	250	Informational,Branded,Non-local	aiaa citation generator
apa 7 works cited generator	30	2.5	59	1310000	Informational,Non-branded,Non-local	apa citation generator
works cited apa format generator	30	2.5	66	1310000	Informational,Non-branded,Non-local	apa citation generator
citation generator chicago 17th	30	2.5	7	18000	Informational,Branded,Non-local	chicago style citation
citation generator extension	30	2.5	60	20000	Informational,Non-branded,Non-local	my bib
citation generator in text	30	2.5	78	682000	Informational,Non-branded,Non-local	citation generator
free harvard citation generator	30	2.0	7	6200	Informational,Non-branded,Non-local	harvard referencing
chicago style citation website generator	30	2.0	41	22000	Informational,Non-branded,Non-local	chicago style citation
apa 7 style generator	30	2.0	55	1290000	Informational,Non-branded,Non-local	apa citation generator
best works cited generator	30	2.0	71	37000	Informational,Non-branded,Non-local	zoterobib
apa 7 generator free	30	2.0	67	1300000	Informational,Branded,Non-local	apa citation generator
mla format quote generator	30	2.0	62	696000	Informational,Non-branded,Non-local	mla citation generator
mla citation generator poem	30	2.0	6	900	Informational,Non-branded,Non-local	how to cite a poem
chicago website citation generator	30	2.0	8	60	Informational,Non-branded,Local	citation machine chicago style
automatic cite generator	30	2.0	84	93000	Informational,Non-branded,Non-local	references
apa format 7th edition citation generator	30	2.0	68	1310000	Informational,Non-branded,Non-local	apa citation generator
apa in text citation website generator	30	2.0	72	1320000	Informational,Non-branded,Non-local	apa citation generator
free online mla citation generator	30	2.0	0	0		
apa law citation generator	30	2.0	55	1290000	Informational,Branded,Non-local	apa citation generator
mla style format generator	30	2.0	54	849000	Informational,Non-branded,Non-local	mla citation generator
apa court case citation generator	30	2.0	36	150	Informational,Branded,Non-local	case citation generator
chicago mla format generator	30	2.0	0	0	Informational,Non-branded,Local	
lab report citation generator	30	2.0	58	10	Informational,Non-branded,Non-local	scientific reference format
free apa style citation generator	30	1.9	64	1310000	Informational,Non-branded,Non-local	apa citation generator
apa work cited generator free	30	1.9	68	1290000	Informational,Non-branded,Non-local	apa citation generator
chicago manual of style footnote generator	30	1.9	17	83000	Informational,Branded,Non-local	chicago citation generator
apa source generator free	30	1.9	48	1300000	Informational,Branded,Non-local	apa citation generator
free reference generator apa	30	1.9	73	1310000	Informational,Non-branded,Non-local	apa citation generator
free apa format citation generator	30	1.9	64	1300000	Informational,Non-branded,Non-local	apa citation generator
textbook apa citation generator	30	1.9	58	1310000	Informational,Non-branded,Non-local	apa citation generator
harvard style generator	30	1.8	7	6200	Informational,Non-branded,Non-local	harvard referencing
state statute citation generator	30	1.8	5	20	Informational,Non-branded,Non-local	state statute citation generator
apa citation pdf generator	30	1.8	57	7500	Informational,Non-branded,Non-local	free apa citation generator
footnote generator apa	30	1.8	67	1310000	Informational,Non-branded,Non-local	apa citation generator
chicago author-date style citation generator	30	1.7	4	18000	Informational,Non-branded,Local	chicago style citation
footnote citation chicago generator	30	1.7	8	93000	Informational,Non-branded,Local	chicago citation generator
chicago style author date citation generator	30	1.7	6	300	Informational,Non-branded,Non-local	chicago author date citation generator
apa quote generator	30	1.7	67	1300000	Informational,Non-branded,Non-local	apa citation generator
mla parenthetical citation generator	30	1.7	63	182000	Informational,Non-branded,Non-local	mla citation generator
chicago style citation footnote generator	30	1.7	15	87000	Informational,Non-branded,Non-local	chicago citation generator
citation generator for youtube video	30	1.7	52	1310000	Informational,Non-branded,Non-local	apa citation generator
bluebook citations generator	30	1.7	7	5100	Informational,Commercial,Branded,Non-local	bluebook citation generator
chicago style endnote generator	30	1.7	53	91000	Informational,Branded,Non-local	chicago citation generator
works cited mla generator free	30	1.6	68	743000	Informational,Non-branded,Non-local	mla citation generator
chicago manual style bibliography generator	30	1.6	52	88000	Informational,Branded,Non-local	chicago citation generator
cite format generator	30	1.6	81	686000	Informational,Non-branded,Non-local	citation generator
westlaw citation generator	30	1.6	4	30	Informational,Branded,Non-local	westlaw citation generator
chicago notes and bibliography citation generator	30	1.6	17	91000	Informational,Non-branded,Local	chicago citation generator
mla work cited generator free	30	1.6	68	694000	Informational,Non-branded,Non-local	mla citation generator
ada citation generator	30	1.5	0	273000	Informational,Non-branded,Non-local	apa citation
apa style 7th edition generator	30	1.5	64	1290000	Informational,Branded,Non-local	apa citation generator
best apa format generator	30	1.5	65	39000	Informational,Non-branded,Non-local	apa citation generator
apa picture citation generator	30	1.4	19	12000	Informational,Non-branded,Non-local	how to cite images
apa bibliography format generator	30	1.4	79	1310000	Informational,Branded,Non-local	apa citation generator
chicago bibliography citation generator	30	1.3	56	87000	Informational,Non-branded,Local	chicago citation generator
citation generator for chicago style	30	1.3	40	82000	Informational,Non-branded,Non-local	chicago citation generator
academic citation generator	30	1.3	82	685000	Informational,Non-branded,Non-local	citation generator
bluebook citation generator free	30	1.3	7	5100	Informational,Non-branded,Non-local	bluebook citation generator
chicago format bibliography generator	30	1.3	59	93000	Informational,Branded,Non-local	chicago citation generator
primary source citation generator	30	1.2	82	20	Informational,Non-branded,Non-local	primary source citation generator
bibliography apa format generator	30	1.2	81	1310000	Informational,Non-branded,Non-local	apa citation generator
apa format sources generator	30	1.1	65	1310000	Informational,Non-branded,Non-local	apa citation generator
mla citation works cited generator	30	1.1	56	804000	Informational,Non-branded,Non-local	mla citation generator
apa style website reference generator	30	1.1	0	0	Informational,Non-branded,Non-local	
mla to apa citation generator	30	1.1	76	700	Informational,Non-branded,Non-local	apa to mla converter
book reference generator	30	1.1	76	11000	Informational,Non-branded,Non-local	cite a book
annotated bib citation generator	30	1.0	78	689000	Informational,Non-branded,Non-local	citation generator
automatic apa citation generator	30	1.0	56	1300000	Informational,Non-branded,Non-local	apa citation generator
work cited generator free	30	1.0	79	859000	Informational,Non-branded,Non-local	mla citation generator
website works cited generator	30	1.0	77	18000	Informational,Non-branded,Non-local	how to cite a website mla
mla citation generator article	30	1.0	72	859000	Informational,Non-branded,Non-local	mla citation generator
website bibliography generator	30	1.0	85	688000	Informational,Non-branded,Non-local	citation generator
image citation mla generator	30	1.0	10	2600	Informational,Non-branded,Non-local	image citation generator
free annotated bibliography generator	30	1.0	76	686000	Informational,Non-branded,Non-local	citation generator
cite youtube video generator	30	1.0	64	1300000	Informational,Non-branded,Non-local	apa citation generator
apa abstract generator	30	1.0	3	100	Informational,Non-branded,Non-local	ai abstract generator
reference generator art	20	6.0	67	51000	Informational,Non-branded,Non-local	pose reference
citation generator university of phoenix	20	4.5	3	90	Informational,Navigational,Branded,Non-local	university of phoenix citation generator
oxford citation generator	20	4.5	14	40	Informational,Non-branded,Non-local	oxford citation generator
ted talk apa citation generator	20	4.0	4	250	Informational,Branded,Non-local	how to cite a ted talk
mla citation 8th edition generator	20	4.0	27	2000	Informational,Non-branded,Non-local	mla 8 citation generator
apa 8th edition citation generator	20	3.5	69	1300000	Informational,Transactional,Branded,Non-local	apa citation generator
cse cite generator	20	3.5	1	8400	Informational,Branded,Non-local	cse citation generator
ama free citation generator	20	3.5	0	0	Informational,Branded,Non-local	
apsa style citation generator	20	3.5	0	2900	Informational,Transactional,Branded,Non-local	apsa citation generator
apa 7 image citation generator	20	3.0	40	12000	Informational,Branded,Non-local	how to cite images
mla format work cited page generator	20	3.0	76	849000	Informational,Non-branded,Non-local	mla citation generator
turabian in text citation generator	20	3.0	2	9900	Informational,Non-branded,Non-local	turabian citation generator
citation generator by isbn	20	3.0	54	10000	Informational,Non-branded,Non-local	cite a book
reliable citation generator	20	3.0	78	690000	Informational,Non-branded,Non-local	citation generator
apa citation generator apa 7	20	3.0	57	1300000	Informational,Branded,Non-local	apa citation generator
ama style reference generator	20	3.0	8	32000	Informational,Non-branded,Non-local	ama citation generator
apa 6 generator	20	3.0	50	1290000	Informational,Branded,Non-local	apa citation generator
turabian style footnotes generator	20	3.0	0	0	Informational,Non-branded,Non-local	
mla cover page generator	20	3.0	2	300	Informational,Transactional,Branded,Non-local	mla title page generator
citation generator isbn	20	3.0	73	11000	Informational,Non-branded,Non-local	cite a book
vancouver format citation generator	20	3.0	4	2600	Informational,Non-branded,Non-local	vancouver style citation
apa 7th edition free citation generator	20	3.0	69	1310000	Informational,Non-branded,Non-local	apa citation generator
apa7 generator citation	20	3.0	69	1310000	Informational,Branded,Non-local	apa citation generator
doi reference generator	20	3.0	78	3200	Informational,Non-branded,Non-local	doi citation
vancouver style referencing generator	20	3.0	0	0	Informational,Non-branded,Non-local	
mla format generator google docs	20	3.0	14	11000	Informational,Branded,Non-local	mla format google docs
apa v7 citation generator	20	3.0	57	1290000	Informational,Transactional,Branded,Non-local	apa citation generator
turabian endnote generator	20	2.5	2	10000	Informational,Non-branded,Non-local	turabian citation generator
apa intext citation generator	20	2.5	56	1310000	Informational,Non-branded,Non-local	apa citation generator
apa citation movie generator	20	2.5	29	3300	Informational,Non-branded,Non-local	how to cite a movie apa
citation apa 7th edition generator	20	2.5	65	1290000	Informational,Non-branded,Non-local	apa citation generator
apa format generator 7th edition	20	2.5	69	1310000	Informational,Non-branded,Non-local	apa citation generator
best bluebook citation generator	20	2.5	3	1500	Informational,Non-branded,Non-local	bluebook citation generator
cite a movie mla generator	20	2.5	33	2300	Informational,Non-branded,Non-local	how to cite a movie
apa citation generator 7th edition free	20	2.5	62	1300000	Informational,Non-branded,Non-local	apa citation generator
apa citation generator for movie	20	2.5	0	0	Informational,Non-branded,Non-local	
ieee style reference generator	20	2.5	0	0		
apa7 bibliography generator	20	2.5	74	1290000	Informational,Branded,Non-local	apa citation generator
tv show mla citation generator	20	2.5	13	20	Informational,Branded,Non-local	tv show mla citation generator
apa seventh edition citation generator	20	2.5	64	1300000	Informational,Transactional,Branded,Non-local	apa citation generator
cite generator apa 7th	20	2.5	65	1310000	Informational,Branded,Non-local	apa citation generator
mla format heading generator	20	2.5	47	40	Informational,Branded,Non-local	mla header generator
mla film citation generator	20	2.5	26	2100	Informational,Branded,Non-local	how to cite a movie
movie citation generator mla	20	2.5	22	2300	Informational,Branded,Non-local	how to cite a movie
ama book citation generator	20	2.5	6	32000	Informational,Branded,Non-local	ama citation generator
apa 7 in-text citation generator	20	2.5	63	1300000	Informational,Non-branded,Non-local	apa citation generator
best online citation generator	20	2.5	71	37000	Informational,Non-branded,Non-local	zoterobib
asm reference generator	20	2.5	0	500	Informational,Branded,Non-local	asm citation generator
research citation generator	20	2.5	85	122000	Informational,Non-branded,Non-local	citation generator
citation generator science	20	2.5	0	0	Informational,Non-branded,Non-local	
in text citation mla format generator	20	2.5	68	179000	Informational,Branded,Non-local	mla citation generator
asa in text citation generator	20	2.5	0	8400	Informational,Branded,Non-local	asa citation generator
genealogy citation generator	20	2.5	20	40	Informational,Non-branded,Non-local	cite builder
movie citation mla generator	20	2.5	35	2200	Informational,Non-branded,Non-local	how to cite a movie
endnote generator chicago	20	2.0	52	90000	Informational,Non-branded,Local	chicago citation generator
free online citation generator apa	20	2.0	70	1320000	Informational,Non-branded,Non-local	apa citation generator
apa7 free citation generator	20	2.0	64	1330000	Informational,Branded,Non-local	apa citation generator
poem citation mla generator	20	2.0	23	900	Informational,Non-branded,Non-local	how to cite a poem
cite ama generator	20	2.0	3	32000	Informational,Branded,Non-local	ama citation generator
apa citation generator isbn	20	2.0	55	14000	Informational,Non-branded,Non-local	how to cite a textbook
apa style source generator	20	2.0	0	0	Informational,Branded,Non-local	
cite in apa format generator	20	2.0	0	0	Informational,Non-branded,Non-local	
apa citation generator for pictures	20	2.0	14	12000	Informational,Branded,Non-local	how to cite images
mla citation poem generator	20	2.0	22	900	Informational,Branded,Non-local	how to cite a poem
isbn apa citation generator	20	2.0	0	0	Informational,Non-branded,Non-local	
mla generator format	20	2.0	57	802000	Informational,Commercial,Transactional,Branded,Non-local	mla citation generator
apa 7th citation generator free	20	2.0	68	1310000	Informational,Branded,Non-local	apa citation generator
apa style works cited generator	20	2.0	72	1320000	Informational,Branded,Non-local	apa citation generator
cite generator apa 7th edition	20	2.0	72	1330000	Informational,Non-branded,Non-local	apa citation generator
apa parenthetical citation generator	20	2.0	67	1310000	Informational,Non-branded,Non-local	apa citation generator
online bluebook citation generator	20	2.0	6	5100	Informational,Non-branded,Non-local	bluebook citation generator
purdue owl apa generator	20	2.0	56	18000	Informational,Navigational,Branded,Non-local	purdue owl citation
apa 7th format citation generator	20	2.0	70	1310000	Informational,Non-branded,Non-local	apa citation generator
apa format work cited generator	20	2.0	70	1310000	Informational,Non-branded,Non-local	apa citation generator
apa citation online article generator	20	2.0	70	1300000	Informational,Non-branded,Non-local	apa citation generator
apa 7th edition website citation generator	20	2.0	64	1310000	Informational,Non-branded,Non-local	apa citation generator
reference apa 7 generator	20	2.0	69	1310000	Informational,Non-branded,Non-local	apa citation generator
cms footnote generator	20	1.9	17	88000	Informational,Branded,Non-local	chicago citation generator
pdf reference generator	20	1.9	0	0	Informational,Non-branded,Non-local	
mla format sources cited generator	20	1.9	62	802000	Informational,Non-branded,Non-local	mla citation generator
chicago manual style footnote generator	20	1.9	7	89000	Informational,Branded,Non-local	chicago citation generator
free works cited generator apa	20	1.9	80	1340000	Informational,Branded,Non-local	apa citation generator
free bibliography generator apa	20	1.9	81	1300000	Informational,Non-branded,Non-local	apa citation generator
annotation citation generator	20	1.9	0	0	Informational,Non-branded,Non-local	
free apa works cited generator	20	1.9	0	0	Informational,Non-branded,Non-local	
apa works cited generator free	20	1.9	73	1300000	Informational,Branded,Non-local	apa citation generator
apa style cover page generator	20	1.9	0	0	Informational,Non-branded,Non-local	
cite a pdf generator	20	1.9	72	97000	Informational,Non-branded,Non-local	reference generator
chicago style citation footnotes generator	20	1.8	53	91000	Informational,Non-branded,Non-local	chicago citation generator
chicago referencing generator	20	1.8	17	20000	Informational,Non-branded,Non-local	chicago style citation
free legal citation generator	20	1.8	57	5100	Informational,Non-branded,Non-local	bluebook citation generator
apa style 7th edition citation generator	20	1.8	64	1310000	Informational,Non-branded,Non-local	apa citation generator
chicago turabian bibliography generator	20	1.8	3	10000	Informational,Non-branded,Non-local	turabian citation generator
cite sources generator mla	20	1.8	64	812000	Informational,Non-branded,Non-local	mla citation generator
apa reference generator online	20	1.8	0	0	Informational,Non-branded,Non-local	
cite pdf apa generator	20	1.8	61	8000	Informational,Non-branded,Non-local	apa 7 citation generator
cite sources apa generator	20	1.7	61	1310000	Informational,Branded,Non-local	apa citation generator
apa citation alphabetical order generator	20	1.7	7	20	Informational,Non-branded,Non-local	alphabetizer
apa powerpoint citation generator	20	1.7	42	100	Informational,Branded,Non-local	powerpoint citation generator
reference list apa generator	20	1.7	73	1340000	Informational,Non-branded,Non-local	apa citation generator
chicago work cited generator	20	1.7	17	80000	Informational,Non-branded,Local	chicago citation generator
journal article citation generator	20	1.7	82	5800	Informational,Non-branded,Non-local	how to cite an article
apa style in text citation generator	20	1.7	69	1300000	Informational,Non-branded,Non-local	apa citation generator
free bibliography citation generator	20	1.6	84	680000	Informational,Non-branded,Non-local	citation generator
chicago style generator free	20	1.6	19	19000	Informational,Non-branded,Non-local	chicago style citation
free bibliography generator chicago	20	1.6	17	22000	Informational,Non-branded,Local	chicago style citation
apa website citation generator free	20	1.6	69	1310000	Informational,Non-branded,Non-local	apa citation generator
the chicago manual of style citation generator	20	1.6	7	91000	Informational,Branded,Non-local	chicago citation generator
turabian footnotes generator	20	1.6	4	10000	Informational,Non-branded,Non-local	turabian citation generator
mla cited page generator	20	1.6	64	849000	Informational,Branded,Non-local	mla citation generator
cite article generator	20	1.6	84	97000	Informational,Non-branded,Non-local	reference generator
free mla bibliography generator	20	1.6	62	822000	Informational,Non-branded,Non-local	mla citation generator
apa work cited page generator	20	1.5	75	1310000	Informational,Non-branded,Non-local	apa citation generator
citation generator youtube video	20	1.5	50	1310000	Informational,Non-branded,Non-local	apa citation generator
chicago endnotes generator	20	1.5	17	90000	Informational,Non-branded,Local	chicago citation generator
parenthetical citation mla generator	20	1.5	69	182000	Informational,Non-branded,Non-local	mla citation generator
apa reference page citation generator	20	1.4	64	1310000	Informational,Non-branded,Non-local	apa citation generator
apa style paper generator	20	1.4	46	1100	Informational,Transactional,Branded,Non-local	apa fromat
legal bluebook citation generator	20	1.4	3	5100	Informational,Commercial,Transactional,Branded,Non-local	bluebook citation generator
apa paper citation generator	20	1.3	64	1290000	Informational,Non-branded,Non-local	apa citation generator
apa format cover page generator	20	1.2	11	600	Informational,Non-branded,Non-local	apa cover page generator
cite article apa 7th edition generator	20	1.2	69	1330000	Informational,Non-branded,Non-local	apa citation generator
apa citation generator video	20	1.2	44	1310000	Informational,Non-branded,Non-local	apa citation generator
apa citation generator textbook	20	1.2	59	14000	Informational,Non-branded,Non-local	how to cite a textbook
mla works cited website generator	20	1.1	77	822000	Informational,Non-branded,Non-local	mla citation generator
apa online citation generator	20	1.1	65	1310000	Informational,Non-branded,Non-local	apa citation generator
apa format generator website	20	1.1	73	1290000	Informational,Non-branded,Non-local	apa citation generator
mla url citation generator	20	1.1	76	802000	Informational,Branded,Non-local	mla citation generator
website mla format generator	20	1.1	64	696000	Informational,Branded,Non-local	mla citation generator
apa style format citation generator	20	1.1	74	1310000	Informational,Non-branded,Non-local	apa citation generator
annotation generator mla	20	1.1	65	812000	Informational,Non-branded,Non-local	mla citation generator
mla footnote citation generator	20	1.1	56	849000	Informational,Non-branded,Non-local	mla citation generator
apa style website citation generator	20	1.1	65	1310000	Informational,Non-branded,Non-local	apa citation generator
mla cite website generator	20	1.1	71	18000	Informational,Branded,Non-local	how to cite a website mla
mla format for websites generator	20	1.1	55	849000	Informational,Non-branded,Non-local	mla citation generator
apa6 citation generator	20	1.1	47	1310000	Informational,Non-branded,Non-local	apa citation generator
book chapter apa citation generator	20	1.1	0	0	Informational,Non-branded,Non-local	
online works cited generator	20	1.0	79	849000	Informational,Non-branded,Non-local	mla citation generator
how to cite a website generator	20	1.0	84	35000	Informational,Non-branded,Non-local	how to cite a website
apa format annotated bibliography generator	20	1.0	50	1200	Informational,Non-branded,Non-local	annotated bibliography generator
apa citation generator from website	20	1.0	70	1300000	Informational,Non-branded,Non-local	apa citation generator
article reference generator	20	1.0	86	90000	Informational,Non-branded,Non-local	citation generator
essay reference generator	20	1.0	85	684000	Informational,Non-branded,Non-local	citation generator
mla citation article generator	20	1.0	53	695000	Informational,Branded,Non-local	mla citation generator
cite a book generator	20	1.0	83	600	Informational,Non-branded,Non-local	cite a book
bibliography generator website	20	1.0	0	0	Informational,Non-branded,Non-local	
aaa generator	10	6.0	0	0	Informational,Commercial,Branded,Non-local	
apa 7th edition reference citation generator	10	5.0	0	0		
asa website citation generator	10	5.0	0	0	Informational,Branded,Non-local	
apa 7th edition title page generator	10	5.0	11	600	Informational,Branded,Non-local	apa cover page generator
citation generator mla 8th edition	10	4.0	0	0	Informational,Non-branded,Non-local	
citation generator apa 7th edition free	10	3.5	70	1340000	Informational,Non-branded,Non-local	apa citation generator
cse citation style generator	10	3.5	0	0	Informational,Branded,Non-local	
purdue reference generator	10	3.5	61	17000	Informational,Navigational,Branded,Non-local	purdue owl citation
scribbr.com/citation/generator/	10	3.5	46	87000	Informational,Navigational,Branded,Non-local	citation generator
purdue bibliography generator	10	3.5	65	19000	Informational,Navigational,Branded,Non-local	purdue owl citation
turabian citation generator 9th edition	10	3.5	0	10000	Informational,Non-branded,Non-local	turabian citation generator
citation generator apa 6th edition	10	3.5	60	1300000	Informational,Non-branded,Non-local	apa citation generator
chicago electric generator head	10	3.5	0	20	Informational,Commercial,Branded,Local	10kw generator head
apa 7 style reference generator	10	3.0	0	0		
apa 7th edition in-text citation generator	10	3.0	68	1290000	Informational,Non-branded,Non-local	apa citation generator
apa 7 citation generator website	10	3.0	72	1300000	Informational,Branded,Non-local	apa citation generator
ebook mla citation generator	10	3.0	22	7400	Informational,Non-branded,Non-local	mla book citation
asa work cited generator	10	3.0	0	0	Informational,Non-branded,Non-local	
purdue owl citation generator apa	10	3.0	37	17000	Informational,Navigational,Branded,Non-local	purdue owl citation
ama citation website generator	10	3.0	5	32000	Informational,Non-branded,Non-local	ama citation generator
jama reference generator	10	3.0	0	0		
apa 6th generator	10	3.0	0	0	Informational,Branded,Non-local	
bibliography generator owl	10	3.0	0	0		
apa citation generator chrome extension	10	3.0	0	0		
harvard system citation generator	10	3.0	0	0		
ama reference citation generator	10	3.0	0	0	Informational,Branded,Non-local	
annotation generator apa	10	3.0	0	0		
isbn reference generator	10	3.0	0	0	Informational,Non-branded,Non-local	
ama citation generator website	10	3.0	3	32000	Informational,Non-branded,Non-local	ama citation generator
citation generator purdue owl	10	3.0	11	19000	Informational,Navigational,Branded,Non-local	purdue owl citation
ieee format reference generator	10	3.0	0	0	Informational,Branded,Non-local	
turabian works cited generator	10	3.0	0	0	Informational,Non-branded,Non-local	
ieee format references generator	10	2.5	0	0	Informational,Branded,Non-local	
acs format reference generator	10	2.5	0	0	Informational,Branded,Non-local	
cite a movie apa generator	10	2.5	0	0	Informational,Non-branded,Non-local	
online article citation generator	10	2.5	84	97000	Informational,Non-branded,Non-local	reference generator
apa doi citation generator	10	2.5	72	3500	Informational,Branded,Non-local	doi citation
apa annotated bibliography citation generator	10	2.5	78	1000	Informational,Non-branded,Non-local	annotated bibliography generator
mla citation movie generator	10	2.5	25	2200	Informational,Non-branded,Non-local	how to cite a movie
apa 6th reference generator	10	2.5	0	0	Informational,Branded,Non-local	
apa citation generator movie	10	2.5	34	3300	Informational,Non-branded,Non-local	how to cite a movie apa
cite movie mla generator	10	2.5	0	0	Informational,Branded,Non-local	
scientific bibliography generator	10	2.5	0	0	Informational,Non-branded,Non-local	
movie citation apa generator	10	2.5	7	3000	Informational,Non-branded,Non-local	cite a video
apa reference generator owl	10	2.5	0	0	Informational,Non-branded,Non-local	
apa generator machine	10	2.5	67	275000	Informational,Non-branded,Non-local	apa citation
scribd apa generator	10	2.5	0	0		
7th ed apa citation generator	10	2.5	65	1300000	Informational,Non-branded,Non-local	apa citation generator
citation generator bibliography	10	2.5	0	0		
ama citation generator for website	10	2.5	0	0	Informational,Non-branded,Non-local	
cse works cited generator	10	2.5	0	0	Informational,Branded,Non-local	
harvard resume generator	10	2.5	0	0		
reference apa 7th edition generator	10	2.5	63	1300000	Informational,Non-branded,Non-local	apa citation generator
apa tv show citation generator	10	2.5	0	0	Informational,Branded,Non-local	
apa cite generator 7th edition	10	2.5	70	1300000	Informational,Non-branded,Non-local	apa citation generator
free mla in text citation generator	10	2.5	60	855000	Informational,Non-branded,Non-local	mla citation generator
references apa 7th edition generator	10	2.5	0	0	Informational,Non-branded,Non-local	
gsa reference generator	10	2.5	0	150	Informational,Branded,Non-local	gsa citation generator
apa in cite citation generator	10	2.0	0	0	Informational,Non-branded,Non-local	
apa citation bibliography generator	10	2.0	0	0	Informational,Non-branded,Non-local	
chicago humanities style citation generator	10	2.0	17	89000	Informational,Non-branded,Non-local	chicago citation generator
best citation generator for apa 7	10	2.0	0	0		
apa citation generator by isbn	10	2.0	48	150	Informational,Branded,Non-local	isbn apa citation
free work cited generator apa	10	2.0	76	1290000	Informational,Non-branded,Non-local	apa citation generator
citing apa format generator	10	2.0	0	0	Informational,Branded,Non-local	
citing in apa format generator	10	2.0	58	1310000	Informational,Non-branded,Non-local	apa citation generator
pdf apa 7 citation generator	10	2.0	59	8000	Informational,Non-branded,Non-local	apa 7 citation generator
best work cited generator	10	2.0	0	0	Informational,Non-branded,Non-local	
apa cite sources generator	10	2.0	0	0	Informational,Non-branded,Non-local	
best reference generator	10	2.0	0	0	Informational,Non-branded,Non-local	
apa reference cite generator	10	2.0	0	0	Informational,Non-branded,Non-local	apa citation
harvard referencing generator free	10	2.0	9	6300	Informational,Branded,Non-local	harvard referencing
ama reference style generator	10	2.0	4	0	Informational,Branded,Non-local	ama citation
citing apa style generator	10	2.0	0	0	Informational,Non-branded,Non-local	
in text citation chicago generator	10	2.0	41	82000	Informational,Non-branded,Local	chicago citation generator
law case citation generator	10	2.0	9	150	Informational,Non-branded,Non-local	case citation generator
apa 7th in text citation generator	10	2.0	65	1300000	Informational,Branded,Non-local	apa citation generator
free online citation generator mla	10	2.0	56	818000	Informational,Non-branded,Non-local	mla citation generator
chicago citation generator website	10	2.0	0	0	Informational,Navigational,Non-branded,Non-local	
law review citation generator	10	2.0	3	5100	Informational,Non-branded,Non-local	bluebook citation generator
citation generator mla 9th	10	2.0	46	804000	Informational,Non-branded,Non-local	mla citation generator
apa style title page generator	10	2.0	0	0	Informational,Non-branded,Non-local	
citing sources apa generator	10	2.0	70	1310000	Informational,Branded,Non-local	apa citation generator
apa 7th style generator	10	2.0	64	1340000	Informational,Non-branded,Non-local	apa citation generator
free apa website citation generator	10	1.9	0	0	Informational,Non-branded,Non-local	
citation generator chicago free	10	1.9	0	0	Informational,Non-branded,Local	
in cite citations apa generator	10	1.9	67	1290000	Informational,Branded,Non-local	apa citation generator
apa 6th edition format generator	10	1.9	0	0	Informational,Branded,Non-local	
bibliography entry generator	10	1.9	84	687000	Informational,Non-branded,Non-local	citation generator
apa 6th edition reference generator	10	1.9	0	0	Informational,Non-branded,Non-local	
online apa generator	10	1.9	0	0	Informational,Non-branded,Non-local	
apa style reference generator free	10	1.9	0	0	Informational,Non-branded,Non-local	
apa format 6th edition generator	10	1.9	0	0	Informational,Branded,Non-local	
annotated citation generator	10	1.9	73	680000	Informational,Non-branded,Non-local	citation generator
harvard format generator	10	1.8	0	0		
in-text citation apa 7th edition generator	10	1.8	63	1310000	Informational,Branded,Non-local	apa citation generator
apa book chapter citation generator	10	1.8	0	0	Informational,Non-branded,Non-local	
cite image apa generator	10	1.8	37	8100	Informational,Non-branded,Non-local	apa image citation
in text citation apa 7th edition generator	10	1.8	65	1300000	Informational,Non-branded,Non-local	apa citation generator
apa footnotes generator	10	1.8	58	1310000	Informational,Non-branded,Non-local	apa citation generator
free apa 7 reference generator	10	1.8	0	0		
apa online reference generator	10	1.8	0	0	Informational,Non-branded,Non-local	
apa reference generator pdf	10	1.8	0	0		
apa citation for pdf generator	10	1.8	0	0	Informational,Non-branded,Non-local	
apa 6th referencing generator	10	1.7	0	0	Informational,Non-branded,Non-local	
work cited generator chicago	10	1.7	41	83000	Informational,Branded,Non-local	chicago citation generator
chicago style footnotes citation generator	10	1.7	0	0	Informational,Non-branded,Non-local	
apa ref generator	10	1.7	56	1290000	Informational,Non-branded,Non-local	apa citation generator
cite source apa generator	10	1.7	0	0	Informational,Non-branded,Non-local	
website citation generator free	10	1.7	0	0	Informational,Non-branded,Non-local	
apa 6 reference generator	10	1.7	64	1310000	Informational,Branded,Non-local	apa citation generator
works cited generator mla free	10	1.6	67	812000	Informational,Non-branded,Non-local	mla citation generator
chicago manual bibliography generator	10	1.6	0	0		
apa 7 book citation generator	10	1.6	71	1330000	Informational,Non-branded,Non-local	apa citation generator
citation mla 8 generator	10	1.6	0	0	Informational,Branded,Non-local	
best apa 7th edition citation generator	10	1.6	62	1300000	Informational,Commercial,Branded,Non-local	apa citation generator
paper reference generator	10	1.6	85	83000	Informational,Non-branded,Non-local	citation
citation generator mla8	10	1.6	0	0	Informational,Non-branded,Non-local	
cite a song generator	10	1.5	9	300	Informational,Non-branded,Non-local	song citation generator
free footnote generator	10	1.5	0	0	Informational,Non-branded,Non-local	
mla citation for pdf generator	10	1.5	0	0	Informational,Non-branded,Non-local	
google apa format generator	10	1.5	0	0	Informational,Branded,Non-local	
free website apa citation generator	10	1.5	68	1310000	Informational,Non-branded,Non-local	apa citation generator
best apa reference generator	10	1.5	0	0	Informational,Non-branded,Non-local	
citation generator chicago author date	10	1.5	0	0		
bibliography generator online	10	1.5	0	0	Informational,Non-branded,Non-local	
in-text citation apa 7 generator	10	1.5	0	0	Informational,Branded,Non-local	
apa 7e citation generator	10	1.5	0	0		
apa citation generator website free	10	1.5	70	1300000	Informational,Non-branded,Non-local	apa citation generator
reference generator apa 7th	10	1.5	0	0	Informational,Branded,Non-local	
footnote format generator	10	1.4	0	0	Informational,Non-branded,Non-local	
bluebook law citation generator	10	1.4	3	5100	Informational,Non-branded,Non-local	bluebook citation generator
free footnote citation generator	10	1.4	0	0		
cite pdf mla generator	10	1.4	65	300	Informational,Non-branded,Non-local	pdf mla citation generator
footnote reference generator	10	1.4	0	0	Informational,Non-branded,Non-local	
picture citation apa generator	10	1.4	0	0	Informational,Non-branded,Non-local	
free online reference generator	10	1.4	0	0	Informational,Non-branded,Non-local	
online citation generator free	10	1.4	79	686000	Informational,Non-branded,Non-local	citation generator
vancouver referencing style generator	10	1.3	0	0	Informational,Non-branded,Non-local	
how to cite apa generator	10	1.3	0	0	Informational,Branded,Non-local	
the best citation generator	10	1.3	0	0	Informational,Non-branded,Non-local	
reference chicago style generator	10	1.3	41	87000	Informational,Non-branded,Non-local	chicago citation generator
annotated bibliography summary generator	10	1.3	28	1000	Informational,Non-branded,Non-local	annotated bibliography generator
apa sixth edition citation generator	10	1.3	0	0	Informational,Branded,Non-local	
apa chicago citation generator	10	1.3	0	0	Informational,Branded,Non-local	
chicago pneumatic generator	10	1.3	0	10	Informational,Commercial,Branded,Non-local	chicago pneumatic generator
apa format resource generator	10	1.2	72	1310000	Informational,Non-branded,Non-local	apa citation generator
cite a book apa generator	10	1.2	0	0	Informational,Non-branded,Non-local	
cite an article apa generator	10	1.2	0	0		
apa book reference generator	10	1.2	0	0	Informational,Non-branded,Non-local	
apa generator book	10	1.2	0	0	Informational,Non-branded,Non-local	apa citation
apa generator article	10	1.2	0	0	Informational,Branded,Non-local	
cite article apa generator	10	1.2	0	0	Informational,Branded,Non-local	
apa book generator	10	1.2	0	0	Informational,Non-branded,Non-local	
easy reference generator	10	1.2	0	0	Informational,Non-branded,Non-local	
apa version 7 citation generator	10	1.2	69	1300000	Informational,Branded,Non-local	apa citation generator
chicago/turabian style citation generator	10	1.2	4	10000	Informational,Non-branded,Non-local	turabian citation generator
apa in text generator	10	1.2	58	1300000	Informational,Non-branded,Non-local	apa citation generator
apa article reference generator	10	1.2	0	0	Informational,Non-branded,Non-local	
citing a website apa generator	10	1.1	71	1310000	Informational,Branded,Non-local	apa citation generator
mla work cited website generator	10	1.1	0	0	Informational,Non-branded,Non-local	
cite website mla generator	10	1.1	66	804000	Informational,Non-branded,Non-local	mla citation generator
mla format citation website generator	10	1.1	62	802000	Informational,Non-branded,Non-local	mla citation generator
legal citation generator apa	10	1.1	38	5100	Informational,Branded,Non-local	bluebook citation generator
document citation generator	10	1.1	79	117000	Informational,Non-branded,Non-local	citation generator
url mla citation generator	10	1.1	87	0	Informational,Non-branded,Non-local	
citing a website mla generator	10	1.1	55	18000	Informational,Non-branded,Non-local	mla source citation
website apa format generator	10	1.1	0	0	Informational,Non-branded,Non-local	
apa citation website generator free	10	1.1	0	0	Informational,Non-branded,Non-local	
ai title page generator	10	1.1	0	0		
apa website format generator	10	1.1	72	1290000	Informational,Non-branded,Non-local	apa citation generator
apa online article citation generator	10	1.1	0	0	Informational,Non-branded,Non-local	
apa format citation website generator	10	1.1	74	1310000	Informational,Non-branded,Non-local	apa citation generator
apa style citation website generator	10	1.1	0	0	Informational,Non-branded,Non-local	
sources apa format generator	10	1.1	0	0	Informational,Non-branded,Non-local	
poem citation generator mla	10	1.1	0	0		
apa bibliography citation generator	10	1.1	69	1290000	Informational,Non-branded,Non-local	apa citation generator
online reference generator apa	10	1.1	69	1300000	Informational,Non-branded,Non-local	apa citation generator
apa web citation generator	10	1.1	0	0	Informational,Non-branded,Non-local	
apa style annotated bibliography generator	10	1.0	0	0	Informational,Non-branded,Non-local	
cite an article mla generator	10	1.0	74	821000	Informational,Branded,Non-local	mla citation generator
bibliography annotation generator	10	1.0	77	689000	Informational,Non-branded,Non-local	citation generator
bibliography website generator	10	1.0	0	0	Informational,Non-branded,Non-local	
works cited book generator	10	1.0	61	6800	Informational,Non-branded,Non-local	how to cite a book mla
website work cited generator	10	1.0	0	0	Informational,Non-branded,Non-local	
article citation mla generator	10	1.0	62	855000	Informational,Branded,Non-local	mla citation generator
cite article mla generator	10	1.0	63	804000	Informational,Branded,Non-local	mla citation generator
purdue owl reference generator	10	1.0	50	17000	Informational,Navigational,Branded,Non-local	purdue owl citation
in text citation mla website generator	10	1.0	61	17000	Informational,Branded,Non-local	mla source citation
cite youtube video apa generator	10	1.0	48	1310000	Informational,Non-branded,Non-local	apa citation generator
youtube citation apa generator	10	1.0	43	1310000	Informational,Branded,Non-local	apa citation generator
work cited book generator	10	1.0	75	7500	Informational,Non-branded,Non-local	mla book citation
photo apa citation generator	10	1.0	0	0		
mla in text citation website generator	10	1.0	72	821000	Informational,Non-branded,Non-local	mla citation generator
works cited generator website	10	1.0	84	696000	Informational,Non-branded,Non-local	citation generator
scribbr apa referencing generator	0	11.0	0	0		
harvard reference generator free	0	8.0	0	0		
package insert citation generator	0	4.5	0	0		
chicago turabian footnote citation generator	0	4.0	6	9700	Informational,Non-branded,Non-local	turabian citation generator
apa 7 edition generator	0	3.5	0	0	Informational,Non-branded,Non-local	
cite book chicago generator	0	3.0	0	0		
apa citation generator 2023	0	3.0	47	1310000	Informational,Non-branded,Non-local	apa citation generator
apa cite generator scribbr	0	3.0	0	0		
online mla generator	0	3.0	0	0	Informational,Branded,Non-local	
purdue owl apa reference generator	0	3.0	0	0	Informational,Navigational,Branded,Non-local	
website citation generator apa 7	0	3.0	74	1310000	Informational,Branded,Non-local	apa citation generator
bibliography turabian style generator	0	3.0	0	0	Informational,Non-branded,Non-local	
apa auto generator	0	3.0	0	0	Informational,Non-branded,Non-local	
mla citation 7th edition generator	0	3.0	0	0	Informational,Non-branded,Non-local	
mla format cover page generator	0	3.0	0	0	Non-branded,Non-local	
reference page mla format generator	0	3.0	0	0	Informational,Non-branded,Non-local	
chicago note citation generator	0	2.5	0	0		
apa cite generator owl	0	2.5	0	0		
footnote turabian style generator	0	2.5	0	0		
purdue apa reference generator	0	2.5	0	0	Informational,Branded,Non-local	
apa 6th bibliography generator	0	2.5	0	0		
apa 6 citation generator free	0	2.5	65	1300000	Informational,Branded,Non-local	apa citation generator
owl citation generator apa	0	2.5	74	18000	Informational,Non-branded,Non-local	purdue owl citation
6th apa citation generator	0	2.5	0	0	Informational,Non-branded,Non-local	
apa citation generator 7th edition owl	0	2.5	0	0		
law bluebook citation generator	0	2.5	0	0	Informational,Branded,Non-local	
apa citation generator extension	0	2.5	0	0		
cite book apa 7th edition generator	0	2.5	0	0		
mla 8th generator	0	2.0	0	0	Informational,Branded,Non-local	
in text citation generator apa 7th	0	2.0	67	1300000	Informational,Non-branded,Non-local	apa citation generator
chicago citation website generator	0	2.0	0	0	Informational,Branded,Non-local	
apa 6th edition format citation generator	0	2.0	55	1310000	Informational,Non-branded,Non-local	apa citation generator
court case citation generator apa	0	2.0	0	0	Informational,Branded,Non-local	
citations for apa generator	0	2.0	0	0		
in text citation apa website generator	0	2.0	0	0	Informational,Non-branded,Non-local	
legal cite generator	0	2.0	0	0	Informational,Non-branded,Non-local	
in-text citation chicago generator	0	2.0	17	91000	Informational,Branded,Non-local	chicago citation generator
white paper citation generator	0	2.0	70	275000	Informational,Non-branded,Non-local	apa citation
apa 7 online generator	0	2.0	0	0		
best apa citation generator 2021	0	2.0	0	0		
free works cited mla generator	0	1.9	0	0	Informational,Non-branded,Non-local	
7th edition apa reference generator	0	1.9	0	0		
apa reference generator 6th edition	0	1.9	0	0		
free citation generator chicago style	0	1.9	0	0		
cite book apa generator	0	1.9	0	0	Informational,Non-branded,Non-local	
apa cite pdf generator	0	1.8	0	0	Informational,Non-branded,Non-local	
cite a website apa 7th edition generator	0	1.7	69	1310000	Informational,Non-branded,Non-local	apa citation generator
chicago generator rental	0	1.7	0	0	Informational,Commercial,Transactional,Non-branded,Local	
citation generator '' apa	0	1.7	63	1340000	Informational,Non-branded,Non-local	apa citation generator
free online bibliography generator apa	0	1.6	0	0		
how to cite a website apa generator	0	1.6	69	1300000	Informational,Non-branded,Non-local	apa citation generator
mla ebook citation generator	0	1.5	0	0		
free abstract generator apa	0	1.5	0	0	Informational,Non-branded,Non-local	
references generator apa 7th edition	0	1.5	0	0	Informational,Branded,Non-local	
website apa citation generator free	0	1.5	0	0	Informational,Non-branded,Non-local	
source generator chicago	0	1.5	0	0		
free online cite generator	0	1.4	0	0	Informational,Non-branded,Non-local	
cite a youtube video mla generator	0	1.4	0	0	Informational,Non-branded,Non-local	
blog apa citation generator	0	1.3	0	0		
mobile app citation generator	0	1.3	0	150	Informational,Non-branded,Non-local	how to cite an app
annotated bibliography apa 7th edition generator	0	1.2	47	1200	Informational,Branded,Non-local	annotated bibliography generator
youtube video citation mla generator	0	1.2	0	0	Informational,Branded,Non-local	
in-text citation for website generator	0	1.1	0	0	Informational,Non-branded,Non-local	
free apa annotated bibliography generator	0	1.1	84	0	Informational,Non-branded,Non-local	bibme
mla cite a website generator	0	1.1	0	0	Informational,Branded,Non-local	
apa citation generator online article	0	1.1	70	1310000	Informational,Non-branded,Non-local	apa citation generator
annotated bibliography generator apa 7	0	1.1	67	1300	Informational,Branded,Non-local	annotated bibliography generator
annotated bibliography generator apa free	0	1.1	0	0	Informational,Non-branded,Non-local	
online mla format generator	0	1.1	0	0	Informational,Non-branded,Non-local	
in text citation website mla generator	0	1.0	0	0	Informational,Non-branded,Non-local	
apa book citation generator free	0	1.0	0	0	Informational,Non-branded,Non-local	
work cited free generator	0	1.0	0	0	Informational,Non-branded,Non-local	
citing a book generator	0	1.0	0	0	Informational,Non-branded,Non-local	
mla to apa format generator	0	1.0	73	700	Informational,Branded,Non-local	mla to apa citation converter
reference page mla generator	0	1.0	75	848000	Informational,Non-branded,Non-local	mla citation generator
